address,ens
0x0ed28ba918cec1f2632ccae2d4649ee64066f936,xuanru.eth
0x1bf729a36085c9c65410a961d21df8c19b710af0,wenhaoliu.eth
0x2129cfab1198e2db780049736eea8a16f37d67e8,zihuan2026.eth
0x21a9caf4839c56fb695294884f5dbbe70d72224f,221bbs.eth
0x240229677a21af366471ecef351d453718fc953f,juvinski.eth
0x24b8056e170a8880eea23e780a544d9175bb70d7,ap713.eth
0x24bfd4721b2cd3d5077ececa7c63c0a526db9fea,zy227.eth
0x2daa937397d1b06cf06a3f9734450683621bc440,rh398.eth
0x2ea4eedcc25e6899c59adbd2ee48a21ade6e7156,hc434.eth
0x3229b178b7d5835ffbe8bf9999394c3df75778a1,quanduan.eth
0x3442b69eb9a35c7d43a84f5abaf38b86bfaff186,xinping.eth
0x431cdc68b75f8207d5721172606c91902e00d202,
0x42c9933e88b71ad8360a362444ab2be1992b28bc,izzy.eth
0x43bf4d90f6ee9d0622d17def8bbed20cd6bf0ade,hw387.eth
0x480d61c3a9cf2e3a21292eadc34bdcff3abe7009,varascan.eth
0x4b4fa0301860bc7cdc988f3d9e6bf3075d79e7de,jh973.eth
0x53084adfb8fcc6847cd415d8f0b0ee96bd23298c,
0x54961e7509d0efb6eef21f07aa0fa0e2540c2397,fishman.eth
0x57de4715a282c56678a60cfabce844ebf454bb1f,ys510.eth
0x58cb7a96fc047f4af30e2b24907ec0e19eaf79fd,hb196.eth
0x6ad6e0d0f6e05709a3b9b1ba9810140204d025ad,shutong.eth
0x71b8c7df618bb0f13ef08af78eebfbc54c906b4a,alyssa.eth
0x80a608fa44381d589fac3e1998ac4eb6bbdd88cd,
0x8e9b2f6ac07e8198b2dfa6b7a50a9d720fff559e,
0x966f852e059fac82b8363df79bbac1c6197c3083,zl472.eth
0x9a022ca3d7fcdfdc0c6b30fdc36dd29089ea5a32,
0xa3d5d8cdb49d0b30c650e1aaa8cd7f2a7c7a3f09,lunlunzz270.eth
0xa4688b04301e85a72e5d769a03ece70b38241574,yibaii.eth
0xa55bbb9087ab3bf41b637a9982e7c49a17724627,lx94.eth
0xa6cdbeed119d78a654720b0102b0b8843a8f8de6,zt888.eth
0xae84765afd93b5f7b16cd510b7446822be32194d,chen.eth
0xafb487f3e63c8b17565f48aa1cebe1e38b629109,
0xb61dea6a5795a4b60c906ee4fb652121f715e4da,chaoli.eth
0xb6ac0341fcf3fb507a8208d34a97f13779e1393d,icedcool.eth
0xdac244e1ef93b04a0eb0065d3cbdcb35f9b360aa,gabby.eth
0xdda42e9984af564fbb99385a9b3cca58639fe22e,lorraine.eth
0xe84f4325d0a8cab3349705ec73980c11330f9776,zw372.eth
0xf39a2a6fc652596ee14cd8c012f3ceaf6397f07c,qd44.eth
0xf65c85a1bef2249344bdc4d1ce435c29d603a69b,
0xf6b02adb6e194920a43a5095e40e8ca500ce79bf,
